INSERT INTO mealplanner_api.user (id, email, img_url, password, username, plan_preference_id) VALUES (1, 'kevin@kevin.com', null, 'kkkk', 'hello', null);
INSERT INTO mealplanner_api.food_category (id, allergen, name) VALUES (1, false, 'chicken');
INSERT INTO mealplanner_api.food_category (id, allergen, name) VALUES (2, true, 'gluten');
INSERT INTO mealplanner_api.food_category (id, allergen, name) VALUES (3, false, 'vegetable');
INSERT INTO mealplanner_api.food_category (id, allergen, name) VALUES (4, true, 'dairy');
INSERT INTO mealplanner_api.food_category (id, allergen, name) VALUES (5, false, 'animal product');
INSERT INTO mealplanner_api.food_unit (id, name) VALUES (7, 'tbs');
INSERT INTO mealplanner_api.food_unit (id, name) VALUES (8, 'piece');
INSERT INTO mealplanner_api.food_unit (id, name) VALUES (9, '');
INSERT INTO mealplanner_api.food_unit (id, name) VALUES (10, 'g');
INSERT INTO mealplanner_api.food_unit (id, name) VALUES (11, 'clove');
INSERT INTO mealplanner_api.ingredient (id, name) VALUES (1, 'tomato');
INSERT INTO mealplanner_api.ingredient (id, name) VALUES (2, 'potato');
INSERT INTO mealplanner_api.ingredient (id, name) VALUES (3, 'garlic');
INSERT INTO mealplanner_api.ingredient (id, name) VALUES (4, 'spaghetti');
INSERT INTO mealplanner_api.ingredient (id, name) VALUES (5, 'cheese');
INSERT INTO mealplanner_api.ingredient_category (ingredient_id, food_category_id) VALUES (4, 2);
INSERT INTO mealplanner_api.ingredient_category (ingredient_id, food_category_id) VALUES (1, 3);
INSERT INTO mealplanner_api.ingredient_category (ingredient_id, food_category_id) VALUES (2, 3);
INSERT INTO mealplanner_api.ingredient_category (ingredient_id, food_category_id) VALUES (3, 3);
INSERT INTO mealplanner_api.ingredient_category (ingredient_id, food_category_id) VALUES (5, 4);
INSERT INTO mealplanner_api.ingredient_category (ingredient_id, food_category_id) VALUES (5, 5);
INSERT INTO mealplanner_api.recipe_ingredient (id, qty, ingredient_id, unit_id) VALUES (5, 3, 1, 8);
INSERT INTO mealplanner_api.recipe_ingredient (id, qty, ingredient_id, unit_id) VALUES (6, 2, 3, 11);
INSERT INTO mealplanner_api.recipe (id, name, nutri_tech, author_id, description, img_url) VALUES (1, 'Garlic Pasta', false, 1, 'yow', '');
INSERT INTO mealplanner_api.recipe (id, name, nutri_tech, author_id, description, img_url) VALUES (2, 'Lorem ipsum dolor sit amet, consectetur adipisicing', false, 1, 'Lorem ipsum dolor sit amet, consectetur adipisicing elit. Ad autem, commodi corporis dolor, eaque eligendi error esse est maxime nesciunt officiis porro recusandae, repudiandae saepe sint ut vel vitae voluptatem. ', '');
INSERT INTO mealplanner_api.recipe (id, name, nutri_tech, author_id, description, img_url) VALUES (3, 'Garlic Pasta  ', false, 1, 'Lorem ipsum dolor sit amet, consectetur adipisicing elit. Ad autem, commodi corporis.                          ', 'https://placehold.co/100x200.png?text=Sorry!+No+image+yet&font=lato');
INSERT INTO mealplanner_api.recipe (id, name, nutri_tech, author_id, description, img_url) VALUES (4, 'Garlic Pasta  ', false, 1, 'null                                                                                                             ', 'https://placehold.co/200x100.png?text=Sorry!+No+image+yet&font=lato');
INSERT INTO mealplanner_api.recipe (id, name, nutri_tech, author_id, description, img_url) VALUES (5, 'Garlic Pasta  ', false, 1, 'null                                                                                                             ', 'https://placehold.co/300x300.png?text=Sorry!+No+image+yet&font=lato');
INSERT INTO mealplanner_api.recipe (id, name, nutri_tech, author_id, description, img_url) VALUES (6, 'Garlic Pasta  ', false, 1, 'null                                                                                                             ', 'https://placehold.co/1000x2000.png?text=Sorry!+No+image+yet&font=lato');
INSERT INTO mealplanner_api.recipe_recipe_ingredient (recipe_id, recipe_ingredient_id) VALUES (1, 5);
INSERT INTO mealplanner_api.recipe_recipe_ingredient (recipe_id, recipe_ingredient_id) VALUES (1, 6);
